{"cameraMode":{"drawMode":0,"name":"Shaded","section":"Shading Mode"},"sceneLighting":false,"audioPlay":false,"sceneViewState":{"showFog":true,"showMaterialUpdate":false,"showSkybox":false,"showFlares":true,"showImageEffects":true,"showParticleSystems":true},"in2DMode":false,"pivot":{"x":-0.3318377435207367,"y":1.1678930521011353,"z":-0.25652095675468447},"rotation":{"x":-0.05789642781019211,"y":0.9421013593673706,"z":-0.23235566914081574,"w":-0.2347451001405716},"size":0.44553375244140627,"orthographic":false}