{"cameraMode":{"drawMode":0,"name":"Shaded","section":"Shading Mode"},"sceneLighting":false,"audioPlay":false,"sceneViewState":{"showFog":true,"showMaterialUpdate":false,"showSkybox":false,"showFlares":true,"showImageEffects":true,"showParticleSystems":true},"in2DMode":false,"pivot":{"x":-4.326073169708252,"y":-3.7264316082000734,"z":-3.673501968383789},"rotation":{"x":0.12221047282218933,"y":-0.8716430068016052,"z":0.2756691873073578,"w":0.3864228427410126},"size":6.893397331237793,"orthographic":false}