{"cameraMode":{"drawMode":0,"name":"Shaded","section":"Shading Mode"},"sceneLighting":true,"audioPlay":false,"sceneViewState":{"showFog":true,"showMaterialUpdate":false,"showSkybox":true,"showFlares":true,"showImageEffects":true,"showParticleSystems":true},"in2DMode":false,"pivot":{"x":2.0307059288024904,"y":-1.9306309223175049,"z":1.9848264455795289},"rotation":{"x":-0.2626846134662628,"y":-0.3669000267982483,"z":0.10882813483476639,"w":-0.8857570290565491},"size":4.129627704620361,"orthographic":false}