{"cameraMode":{"drawMode":0,"name":"Shaded","section":"Shading Mode"},"sceneLighting":false,"audioPlay":false,"sceneViewState":{"showFog":true,"showMaterialUpdate":false,"showSkybox":false,"showFlares":true,"showImageEffects":true,"showParticleSystems":true},"in2DMode":false,"pivot":{"x":-1.1125104427337647,"y":1.112636685371399,"z":0.23352457582950593},"rotation":{"x":0.18744944036006928,"y":-0.7159224152565002,"z":0.20996958017349244,"w":0.6390065550804138},"size":0.2857882082462311,"orthographic":false}