{"cameraMode":{"drawMode":0,"name":"Shaded","section":"Shading Mode"},"sceneLighting":false,"audioPlay":false,"sceneViewState":{"showFog":true,"showMaterialUpdate":false,"showSkybox":false,"showFlares":true,"showImageEffects":true,"showParticleSystems":true},"in2DMode":false,"pivot":{"x":-0.031571824103593829,"y":-0.14022141695022584,"z":0.1909862607717514},"rotation":{"x":-0.13340766727924348,"y":-0.008630791679024697,"z":0.001193579169921577,"w":-0.9910386800765991},"size":0.5839370489120483,"orthographic":false}