{"cameraMode":{"drawMode":0,"name":"Shaded","section":"Shading Mode"},"sceneLighting":false,"audioPlay":false,"sceneViewState":{"showFog":true,"showMaterialUpdate":false,"showSkybox":false,"showFlares":true,"showImageEffects":true,"showParticleSystems":true},"in2DMode":false,"pivot":{"x":-0.006911873817443848,"y":-0.10621795058250427,"z":-0.04884999990463257},"rotation":{"x":0.1631702482700348,"y":0.5965024828910828,"z":-0.12546363472938538,"w":0.7757764458656311},"size":0.6993472576141357,"orthographic":false}