{"cameraMode":{"drawMode":0,"name":"Shaded","section":"Shading Mode"},"sceneLighting":false,"audioPlay":false,"sceneViewState":{"showFog":true,"showMaterialUpdate":false,"showSkybox":false,"showFlares":true,"showImageEffects":true,"showParticleSystems":true},"in2DMode":false,"pivot":{"x":1.3839653730392457,"y":0.9562968015670776,"z":-0.17947997152805329},"rotation":{"x":-0.006966348737478256,"y":-0.7641104459762573,"z":0.008265111595392228,"w":-0.6450197696685791},"size":1.5679038763046265,"orthographic":false}