{"cameraMode":{"drawMode":0,"name":"Shaded","section":"Shading Mode"},"sceneLighting":false,"audioPlay":false,"sceneViewState":{"showFog":true,"showMaterialUpdate":false,"showSkybox":false,"showFlares":true,"showImageEffects":true,"showParticleSystems":true},"in2DMode":false,"pivot":{"x":-0.15892449021339417,"y":-0.29331979155540469,"z":0.10635426640510559},"rotation":{"x":-0.38580164313316347,"y":0.433759868144989,"z":-0.21289588510990144,"w":-0.7859466671943665},"size":0.5839370489120483,"orthographic":false}