{"cameraMode":{"drawMode":0,"name":"Shaded","section":"Shading Mode"},"sceneLighting":false,"audioPlay":false,"sceneViewState":{"showFog":true,"showMaterialUpdate":false,"showSkybox":false,"showFlares":true,"showImageEffects":true,"showParticleSystems":true},"in2DMode":false,"pivot":{"x":0.11070035398006439,"y":-0.013666112907230854,"z":-0.006620828527957201},"rotation":{"x":-0.11065854132175446,"y":-0.70124351978302,"z":0.11159341782331467,"w":-0.6953936219215393},"size":0.5944973230361939,"orthographic":false}