{"cameraMode":{"drawMode":0,"name":"Shaded","section":"Shading Mode"},"sceneLighting":false,"audioPlay":false,"sceneViewState":{"showFog":true,"showMaterialUpdate":false,"showSkybox":false,"showFlares":true,"showImageEffects":true,"showParticleSystems":true},"in2DMode":false,"pivot":{"x":1.4902478456497193,"y":1.3958486318588257,"z":0.09632299840450287},"rotation":{"x":-0.20613527297973634,"y":0.6906322836875916,"z":-0.21614505350589753,"w":-0.6586493253707886},"size":1.5679038763046265,"orthographic":false}