{"cameraMode":{"drawMode":0,"name":"Shaded","section":"Shading Mode"},"sceneLighting":false,"audioPlay":false,"sceneViewState":{"showFog":true,"showMaterialUpdate":false,"showSkybox":false,"showFlares":true,"showImageEffects":true,"showParticleSystems":true},"in2DMode":false,"pivot":{"x":0.16535906493663789,"y":-0.17511920630931855,"z":-0.08295701444149018},"rotation":{"x":-0.20140375196933747,"y":-0.7886033654212952,"z":0.3341665267944336,"w":-0.4752798080444336},"size":0.5839371085166931,"orthographic":false}